Frequency,S11_Real,S11_Imaginary,
1000000,-0.9978778323,0.003392323513,
6999000,-0.99449869,0.03986478366,
12998000,-0.9914484425,0.07300855678,
18997000,-0.9873342887,0.1055315265,
24996000,-0.9824468709,0.1375497921,
30995000,-0.9766113935,0.1702536494,
36994000,-0.9698343018,0.2019933224,
42993000,-0.9620752299,0.233571622,
48992000,-0.9534106753,0.2643390889,
54991000,-0.943666401,0.2949239498,
60990000,-0.932545619,0.3250925091,
66989000,-0.9209563376,0.354946083,
72988000,-0.9079763463,0.3844577702,
78987000,-0.8943709676,0.4131426005,
84986000,-0.880153032,0.4418868309,
90985000,-0.8646692351,0.4695800499,
96984000,-0.8486995947,0.4971320493,
102983000,-0.8314616515,0.5241441811,
108982000,-0.8138937107,0.5506012928,
114981000,-0.7954205391,0.5760716498,
120980000,-0.7761787617,0.6011676532,
126979000,-0.7562078266,0.6253172171,
132978000,-0.7353439612,0.6493021012,
138977000,-0.7138945721,0.6719908187,
144976000,-0.691411504,0.6947555057,
150975000,-0.6685441378,0.7162766463,
156974000,-0.645033782,0.737005195,
162973000,-0.6212930149,0.7574223438,
168972000,-0.5963569265,0.7765690652,
174971000,-0.5713196045,0.7950288885,
180970000,-0.5449936878,0.8130622908,
186969000,-0.5187345068,0.829979601,
192968000,-0.4919404572,0.8461192756,
198967000,-0.4642080706,0.8613412157,
204966000,-0.4361601947,0.8758256844,
210965000,-0.407782068,0.8893965371,
216964000,-0.3795327746,0.9017661598,
222963000,-0.3500072084,0.9134375531,
228962000,-0.3204094441,0.9240153506,
234961000,-0.2905314697,0.9340205789,
240960000,-0.2603893096,0.9428445332,
246959000,-0.2303261313,0.9506365133,
252958000,-0.1997199093,0.9574789433,
258957000,-0.1689185029,0.9634580418,
264956000,-0.1379089687,0.9680961408,
270955000,-0.1066237479,0.9723995938,
276954000,-0.07573731397,0.9749047102,
282953000,-0.04449601089,0.9769488634,
288952000,-0.01291578392,0.9780268731,
294951000,0.01816128772,0.9777358448,
300950000,0.04962327733,0.976827047,
306949000,0.08071377105,0.9750375675,
312948000,0.1117515821,0.9719410445,
318947000,0.1432264677,0.9677557741,
324946000,0.1740825389,0.9627443583,
330945000,0.2048636483,0.9565300763,
336944000,0.2352331765,0.9497345499,
342943000,0.266019877,0.9415796725,
348942000,0.2961005483,0.9325920533,
354941000,0.3257426171,0.9226992873,
360940000,0.3550811373,0.9115376709,
366939000,0.384152563,0.8998703676,
372938000,0.4131570225,0.8873953104,
378937000,0.4409813119,0.8736396092,
384936000,0.4687650377,0.85903287,
390935000,0.4963095659,0.8434919863,
396934000,0.5229720896,0.8275354496,
402933000,0.5497689787,0.8098742631,
408932000,0.5750884108,0.7919423745,
414931000,0.6004858496,0.7728106954,
420930000,0.6248661094,0.7532252643,
426929000,0.6491268167,0.7324544998,
432928000,0.6724599521,0.7114026518,
438927000,0.6947535057,0.6893641011,
444926000,0.7164320431,0.6666153219,
450925000,0.737735727,0.643396329,
456924000,0.7572879596,0.6195982557,
462923000,0.7766122795,0.5947331432,
468922000,0.7953967393,0.5691780061,
474921000,0.8128566261,0.5430747831,
480920000,0.8301547591,0.5165859407,
486919000,0.8462155278,0.4896109312,
492918000,0.8616667366,0.4620213963,
498917000,0.8761420949,0.433678108,
504916000,0.8896096357,0.4056904764,
510915000,0.9027691322,0.3764557504,
516914000,0.9137959054,0.3468705657,
522913000,0.9240311479,0.3171136391,
528912000,0.9340074719,0.2870670063,
534911000,0.9421591983,0.2567966273,
540910000,0.949787054,0.2261105503,
546909000,0.9573228815,0.194645483,
552908000,0.9620127328,0.1644037996,
558907000,0.9668119155,0.1328866137,
564906000,0.9699381695,0.1016022881,
570905000,0.9727654472,0.07011912383,
576904000,0.9737781686,0.03816552587,
582903000,0.9747727271,0.006870695714,
588902000,0.9739505436,-0.02530732595,
594901000,0.9725845826,-0.05598514755,
600900000,0.9700196177,-0.08863155771,
606899000,0.9667777,-0.119725528,
612898000,0.9620372363,-0.1516765835,
618897000,0.9558254131,-0.1819749731,
624896000,0.9493738068,-0.2136566573,
630895000,0.9420907539,-0.2437135254,
636894000,0.9336496942,-0.2742567314,
642893000,0.9236259318,-0.3048431534,
648892000,0.9129988561,-0.3341321097,
654891000,0.9014618008,-0.363325851,
660890000,0.8885337597,-0.3923128113,
666889000,0.8746411621,-0.4206808949,
672888000,0.860556826,-0.4486567672,
678887000,0.8449492565,-0.4764845504,
684886000,0.8289979078,-0.5033806382,
690885000,0.8123087478,-0.5298813011,
696884000,0.7942090329,-0.5557822443,
702883000,0.7753192811,-0.5811933169,
708882000,0.7558750196,-0.6057215099,
714881000,0.7354460147,-0.630223458,
720880000,0.7139643478,-0.6532113897,
726879000,0.6924110579,-0.6762382631,
732878000,0.6702123039,-0.6975496364,
738877000,0.6465065677,-0.7187509393,
744876000,0.6228166335,-0.7391210601,
750875000,0.5989810094,-0.758735239,
756874000,0.573392902,-0.7776287959,
762873000,0.5472522315,-0.7956125607,
768872000,0.5208278534,-0.8124515645,
774871000,0.494287579,-0.8289910473,
780870000,0.4668088332,-0.8444602421,
786869000,0.4396516595,-0.8588908551,
792868000,0.4111332204,-0.8724069854,
798867000,0.3825956056,-0.8848595075,
804866000,0.3539282884,-0.8966688589,
810865000,0.3247867806,-0.9075132124,
816864000,0.2949991657,-0.9175011925,
822863000,0.2648693546,-0.9265426541,
828862000,0.2351520131,-0.9339750153,
834861000,0.2047200766,-0.9410848909,
840860000,0.1739843177,-0.9473375357,
846859000,0.1430355943,-0.9515899448,
852858000,0.1117747424,-0.9552972573,
858857000,0.08063939865,-0.9583943576,
864856000,0.04979246688,-0.9604411208,
870855000,0.01862482433,-0.9612249182,
876854000,-0.01227320677,-0.9607525348,
882853000,-0.04354616207,-0.9595114072,
888852000,-0.07473331507,-0.957496677,
894851000,-0.1054051452,-0.954449667,
900850000,-0.1366161438,-0.9497166058,
906849000,-0.1673916452,-0.9442983309,
912848000,-0.1976323771,-0.9384783305,
918847000,-0.2271687062,-0.9314702419,
924846000,-0.2574814417,-0.9230150463,
930845000,-0.2874889994,-0.9144065712,
936844000,-0.3165020277,-0.905023542,
942843000,-0.3459954198,-0.8935790406,
948842000,-0.374590451,-0.8822029048,
954841000,-0.4029190747,-0.8693163961,
960840000,-0.430200767,-0.8556379312,
966839000,-0.4576532466,-0.8411869716,
972838000,-0.4847855386,-0.8260706054,
978837000,-0.510995855,-0.8097795857,
984836000,-0.5367290181,-0.7926466894,
990835000,-0.5625401521,-0.7750111321,
996834000,-0.5871120836,-0.7566909177,
1002833000,-0.6107398028,-0.7374475716,
1008832000,-0.6342623188,-0.7170468464,
1014831000,-0.6571349185,-0.6964606169,
1020830000,-0.6786373835,-0.6745544983,
1026829000,-0.7004719389,-0.6527759111,
1032828000,-0.7210403274,-0.6302501797,
1038827000,-0.7404821836,-0.6066398394,
1044826000,-0.7600540129,-0.5828630025,
1050825000,-0.77821275,-0.5580975677,
1056824000,-0.7963014291,-0.5328650975,
1062823000,-0.8130604037,-0.5070820536,
1068822000,-0.8287357531,-0.4812913749,
1074821000,-0.8442753935,-0.4542356176,
1080820000,-0.8584200572,-0.4270351952,
1086819000,-0.8723599083,-0.3995096694,
1092818000,-0.8847281042,-0.371565169,
1098817000,-0.8965122595,-0.3429339153,
1104816000,-0.9073910656,-0.3140464269,
1110815000,-0.9171688073,-0.2850236907,
1116814000,-0.9260107688,-0.2557553907,
1122813000,-0.9339137812,-0.2261517405,
1128812000,-0.9408953715,-0.1961240219,
1134811000,-0.9470569849,-0.1661997063,
1140810000,-0.952021665,-0.1363977237,
1146809000,-0.9563008635,-0.1057604153,
1152808000,-0.9592086354,-0.07535628387,
1158807000,-0.9614960548,-0.04441618101,
1164806000,-0.9630668018,-0.01383500756,
1170805000,-0.9630702998,0.01701193768,
1176804000,-0.9626394188,0.047228981,
1182803000,-0.9608828361,0.07749850793,
1188802000,-0.9582666615,0.1077117344,
1194801000,-0.9548061435,0.138151936,
1200800000,-0.9499978121,0.1685590813,
1206799000,-0.9440776809,0.1989616229,
1212798000,-0.9381203363,0.2285437256,
1218797000,-0.9304035492,0.2576937167,
1224796000,-0.9210396141,0.288210841,
1230795000,-0.911649203,0.3172423998,
1236794000,-0.9023379533,0.3458979312,
1242793000,-0.8903613733,0.3744027722,
1248792000,-0.8780769317,0.4026742149,
1254791000,-0.8649435421,0.4302230558,
1260790000,-0.8509557168,0.4583595077,
1266789000,-0.8360102279,0.4848873575,
1272788000,-0.8208015986,0.5110631523,
1278787000,-0.802992253,0.5375356475,
1284786000,-0.7858199257,0.5627901162,
1290785000,-0.7681059666,0.5884652079,
1296784000,-0.7482245102,0.612245858,
1302783000,-0.7291286225,0.635559753,
1308782000,-0.7085561121,0.6595093357,
1314781000,-0.6885671402,0.6809258758,
1320780000,-0.6680754948,0.7028361542,
1326779000,-0.6457429758,0.7257350914,
1332778000,-0.6218146516,0.7455704898,
1338777000,-0.5977085284,0.7651254152,
1344776000,-0.5736404409,0.7842484527,
1350775000,-0.547991075,0.8016384855,
1356774000,-0.5231274497,0.8176061104,
1362773000,-0.497081177,0.8349738265,
1368772000,-0.4712016824,0.8503318636,
1374771000,-0.4438373845,0.865117444,
1380770000,-0.4157085378,0.8784960645,
1386769000,-0.3893497814,0.8913195732,
1392768000,-0.3610633058,0.9030659739,
1398767000,-0.3322492878,0.9148444566,
1404766000,-0.3039659924,0.9242578774,
1410765000,-0.2737881162,0.9341456416,
1416764000,-0.2446925457,0.9421041912,
1422763000,-0.2145415515,0.9497211808,
1428762000,-0.1842368227,0.9556235941,
1434761000,-0.1534999582,0.9611291939,
1440760000,-0.123044291,0.9654593917,
1446759000,-0.09311211346,0.9684431923,
1452758000,-0.06135100642,0.9707400477,
1458757000,-0.03058360379,0.9716733717,
1464756000,0.0004672299457,0.9720656934,
1470755000,0.03104336541,0.971273366,
1476754000,0.06231850614,0.969771093,
1482753000,0.09391036894,0.9677483161,
1488752000,0.1238023358,0.9636217572,
1494751000,0.1550060155,0.9586851209,
1500750000,0.1863286254,0.9530836545,
1506749000,0.2155775014,0.9464100881,
1512748000,0.2458940635,0.9390817129,
1518747000,0.2759210519,0.9305403342,
1524746000,0.3053977716,0.9210813738,
1530745000,0.3346654085,0.9109947468,
1536744000,0.3627002737,0.9001051745,
1542743000,0.3911689003,0.8875271638,
1548742000,0.419565523,0.8746500745,
1554741000,0.4471113075,0.8606741688,
1560740000,0.4746018283,0.8453092611,
1566739000,0.5013251648,0.8294813639,
1572738000,0.5271299842,0.8133056197,
1578737000,0.5532402507,0.7963503796,
1584736000,0.5782823364,0.7775419373,
1590735000,0.6023898895,0.7589012405,
1596734000,0.6256219274,0.7395125845,
1602733000,0.6491077508,0.7189831845,
1608732000,0.6718882106,0.6968299151,
1614731000,0.693756927,0.6757671071,
1620730000,0.714575016,0.6530688345,
1626729000,0.7354787576,0.6298140929,
1632728000,0.7549728157,0.6052047836,
1638727000,0.7745235857,0.5807247979,
1644726000,0.7932169134,0.5548382947,
1650725000,0.8112459125,0.5297117749,
1656724000,0.8270531481,0.5024705879,
1662723000,0.8422433021,0.4753622413,
1668722000,0.8568525538,0.4470945539,
1674721000,0.8715451457,0.4196741986,
1680720000,0.8846963939,0.391383918,
1686719000,0.8967344145,0.3629509035,
1692718000,0.9079157296,0.3333915737,
1698717000,0.9185030798,0.3038322302,
1704716000,0.9271733286,0.2735978195,
1710715000,0.9357293594,0.2439054868,
1716714000,0.9425789009,0.2138149168,
1722713000,0.949411591,0.1835220697,
1728712000,0.9546433204,0.1526375086,
1734711000,0.9578947339,0.1219793364,
1740710000,0.96182603,0.09119733774,
1746709000,0.9632791998,0.06142934057,
1752708000,0.9647912202,0.02866338009,
1758707000,0.9652764604,-0.001670896344,
1764706000,0.9640253084,-0.03310057363,
1770705000,0.9620705232,-0.06448071593,
1776704000,0.9594060437,-0.09431261315,
1782703000,0.9555803591,-0.1240745724,
1788702000,0.9506884273,-0.1560421342,
1794701000,0.944998339,-0.186154286,
1800700000,0.9370364677,-0.2163213777,
1806699000,0.9301745968,-0.2460588555,
1812698000,0.9222112528,-0.2753816572,
1818697000,0.9128621866,-0.3060954831,
1824696000,0.9014603135,-0.3353555368,
1830695000,0.8897807503,-0.363343417,
1836694000,0.8781095561,-0.39202811,
1842693000,0.8644033111,-0.4192542788,
1848692000,0.8499782657,-0.4469939905,
1854691000,0.8350792096,-0.474218438,
1860690000,0.8191648552,-0.5002408926,
1866689000,0.8022360551,-0.5265212762,
1872688000,0.78462688,-0.5518435952,
1878687000,0.766024703,-0.5763313874,
1884686000,0.7470398023,-0.6013744589,
1890685000,0.7272174027,-0.6251720998,
1896684000,0.7061300022,-0.6484334704,
1902683000,0.6851133686,-0.6702256332,
1908682000,0.6621259157,-0.6919465485,
1914681000,0.6397591315,-0.7127883579,
1920680000,0.6157412988,-0.7332692385,
1926679000,0.5919929693,-0.7523639582,
1932678000,0.5670576589,-0.7711659595,
1938677000,0.5416466921,-0.7887883544,
1944676000,0.5159877572,-0.8056113596,
1950675000,0.4899060845,-0.8223747562,
1956674000,0.4624853628,-0.8372878375,
1962673000,0.4348004896,-0.8518670982,
1968672000,0.4072009711,-0.8653080447,
1974671000,0.3792376162,-0.877485452,
1980670000,0.3505371822,-0.8897286806,
1986669000,0.3213290428,-0.8997409014,
1992668000,0.2921485838,-0.9093146229,
1998667000,0.2619681871,-0.9190553338,
2004666000,0.2329599918,-0.9272460553,
2010665000,0.2013280169,-0.9334610794,
2016664000,0.1719694131,-0.940169844,
2022663000,0.1410811781,-0.9447235983,
2028662000,0.1100841225,-0.9482050313,
2034661000,0.07934216789,-0.9509639011,
2040660000,0.04954826016,-0.9538630826,
2046659000,0.01711745275,-0.9531211732,
2052658000,-0.01370555974,-0.9543342589,
2058657000,-0.04427783607,-0.9531118106,
2064656000,-0.07628071383,-0.9510862883,
2070655000,-0.105936725,-0.9476729572,
2076654000,-0.1383754847,-0.9432227369,
2082653000,-0.169286356,-0.9380680516,
2088652000,-0.1994822596,-0.9322580382,
2094651000,-0.2298420368,-0.9247981579,
2100650000,-0.259579916,-0.9164060659,
2106649000,-0.2892823217,-0.9084481875,
2112648000,-0.3197648204,-0.8992698961,
2118647000,-0.3494300948,-0.8880811629,
2124646000,-0.3767684996,-0.8752738949,
2130645000,-0.4064729505,-0.862133378,
2136644000,-0.4337854077,-0.8491097461,
2142643000,-0.4613987026,-0.8354587771,
2148642000,-0.4872121541,-0.8195273782,
2154641000,-0.5148812817,-0.8037063774,
2160640000,-0.5407431452,-0.7870034309,
2166639000,-0.5665601183,-0.7695613485,
2172638000,-0.5904597144,-0.7502098233,
2178637000,-0.6145548457,-0.731304015,
2184636000,-0.637549176,-0.7110512354,
2190635000,-0.6613183782,-0.6891629272,
2196634000,-0.6825183937,-0.6681466453,
2202633000,-0.7035177946,-0.6453161692,
2208632000,-0.7256418697,-0.6223329461,
2214631000,-0.7448242412,-0.5996653434,
2220630000,-0.7644030759,-0.5751533862,
2226629000,-0.7827573914,-0.5497937378,
2232628000,-0.8002595836,-0.5245288439,
2238627000,-0.8169478321,-0.4988934972,
2244626000,-0.8321555078,-0.4723168046,
2250625000,-0.846532362,-0.4455528465,
2256624000,-0.8610348769,-0.417793273,
2262623000,-0.8733344538,-0.3898217025,
2268622000,-0.8857054562,-0.3615577932,
2274621000,-0.8967167308,-0.3327416322,
2280620000,-0.9069971665,-0.3038745357,
2286619000,-0.9161009893,-0.2743916332,
2292618000,-0.924358379,-0.2445951619,
2298617000,-0.9316903313,-0.2147970835,
2304616000,-0.9381258304,-0.1847962545,
2310615000,-0.9434711924,-0.1549522646,
2316614000,-0.9478330559,-0.1245060118,
2322613000,-0.9509956424,-0.09418400105,
2328612000,-0.9533642485,-0.06292406541,
2334611000,-0.9541598175,-0.03216429732,
2340610000,-0.9548421564,-0.00226650216,
2346609000,-0.9543137305,0.02895698624,
2352608000,-0.9533718464,0.05996080206,
2358607000,-0.9510439019,0.09073961774,
2364606000,-0.9465880203,0.1213255753,
2370605000,-0.9428543353,0.1521187869,
2376604000,-0.9377352121,0.1824961435,
2382603000,-0.9313461048,0.2139094456,
2388602000,-0.9215365755,0.2426380741,
2394601000,-0.9148915845,0.2728663296,
2400600000,-0.9051101438,0.301479123,
2406599000,-0.8952196857,0.3314229238,
2412598000,-0.883688243,0.3601115093,
2418597000,-0.8723933293,0.3888810079,
2424596000,-0.8595121435,0.4157396262,
2430595000,-0.8459964454,0.4457355196,
2436594000,-0.8316409471,0.4722617692,
2442593000,-0.8159734297,0.4976703518,
2448592000,-0.7979808398,0.5249659819,
2454591000,-0.7813633457,0.5494826625,
2460590000,-0.7619003024,0.5751255901,
2466589000,-0.7426941224,0.5984034944,
2472588000,-0.7229817667,0.6226966818,
2478587000,-0.7024317391,0.6457941508,
2484586000,-0.6831936478,0.6693059569,
2490585000,-0.661204692,0.6876406568,
2496584000,-0.6399097422,0.7090852435,
2502583000,-0.615442963,0.7310923922,
2508582000,-0.5908505021,0.7495223871,
2514581000,-0.5677765237,0.7691632975,
2520580000,-0.5418038673,0.7882486173,
2526579000,-0.5193476463,0.8042486268,
2532578000,-0.4914835646,0.8216003541,
2538577000,-0.4659705868,0.83784172,
2544576000,-0.4402678171,0.8531079953,
2550575000,-0.4145449392,0.8679775719,
2556574000,-0.3858785016,0.8793746111,
2562573000,-0.3565103334,0.8925739664,
2568572000,-0.3294864148,0.9035154741,
2574571000,-0.3016162271,0.9126822552,
2580570000,-0.2713296553,0.9218086287,
2586569000,-0.2430538782,0.9300064158,
2592568000,-0.2123578159,0.936822967,
2598567000,-0.1833209802,0.9435744137,
2604566000,-0.1527059338,0.9497181283,
2610565000,-0.1232294894,0.9539654007,
2616564000,-0.09318500345,0.9579135955,
2622563000,-0.06240923403,0.9595517103,
2628562000,-0.03265389811,0.9618565894,
2634561000,-0.002187884746,0.9638859584,
2640560000,0.02745443774,0.9622102629,
2646559000,0.05873580427,0.9608701971,
2652558000,0.08799135084,0.9577224881,
2658557000,0.1175071957,0.9548979697,
2664556000,0.1485363947,0.9509802679,
2670555000,0.1778584578,0.9459862277,
2676554000,0.2073276721,0.9397296188,
2682553000,0.2366350006,0.9324792798,
2688552000,0.2659788548,0.9242030241,
2694551000,0.2951260174,0.9161238873,
2700550000,0.3230477754,0.9058450491,
2706549000,0.3512724472,0.8952040983,
2712548000,0.3788662035,0.8840101869,
2718547000,0.4067307714,0.8710763883,
2724546000,0.4339434843,0.8579145011,
2730545000,0.4595572296,0.843196809,
2736544000,0.4862463381,0.8292001967,
2742543000,0.51199799,0.8137534308,
2748542000,0.5378671322,0.797667885,
2754541000,0.5614485395,0.7806596098,
2760540000,0.5859466931,0.7618845068,
2766539000,0.6091240945,0.7434845758,
2772538000,0.6323284035,0.7245483467,
2778537000,0.6545985733,0.7035271272,
2784536000,0.6765805967,0.6831131322,
2790535000,0.6982895096,0.6616399668,
2796534000,0.7171503434,0.6401583613,
2802533000,0.7370158435,0.6183223738,
2808532000,0.7564954815,0.5936377615,
2814531000,0.7751237566,0.5704191453,
2820530000,0.7916591411,0.5450203065,
2826529000,0.8079268003,0.5199692561,
2832528000,0.8234533995,0.4949800555,
2838527000,0.8384474947,0.4684629381,
2844526000,0.8534420364,0.4430268007,
2850525000,0.8659979168,0.415495705,
2856524000,0.8805628085,0.3885972658,
2862523000,0.8905644931,0.3610408384,
2868522000,0.9009319223,0.3325414953,
2874521000,0.9118171347,0.3047676363,
2880520000,0.9200920594,0.2773771838,
2886519000,0.9283504065,0.2470876758,
2892518000,0.9362103418,0.2185847446,
2898517000,0.941828575,0.1893611163,
2904516000,0.9478693712,0.1604108423,
2910515000,0.9511467408,0.1307616968,
2916514000,0.9561179008,0.1001197105,
2922513000,0.9578560185,0.07045316267,
2928512000,0.9603747972,0.04065003755,
2934511000,0.9615918549,0.01067028016,
2940510000,0.9614228092,-0.01821449988,
2946509000,0.9585892334,-0.04825945359,
2952508000,0.9580808058,-0.0800686766,
2958507000,0.9564812141,-0.1096944293,
2964506000,0.9502718221,-0.1386995819,
2970505000,0.9463359147,-0.1688478924,
2976504000,0.9412029433,-0.1988635519,
2982503000,0.9342999962,-0.2270741301,
2988502000,0.9269525392,-0.257840008,
2994501000,0.9178499269,-0.2853619229,
3000500000,0.9100942157,-0.3143506687,
3006499000,0.8984114508,-0.3431445304,
3012498000,0.8875997545,-0.3713582813,
3018497000,0.8766208318,-0.3989577787,
3024496000,0.8638358189,-0.4266564689,
3030495000,0.849849492,-0.4535210953,
3036494000,0.8356608994,-0.4800117459,
3042493000,0.8197889842,-0.5065410806,
3048492000,0.8033610412,-0.5313995557,
3054491000,0.7866708265,-0.5563746489,
3060490000,0.7685969278,-0.5807261053,
3066489000,0.7494024774,-0.6043441073,
3072488000,0.7299278499,-0.6275015743,
3078487000,0.7103681101,-0.6505079984,
3084486000,0.690016749,-0.6723970977,
3090485000,0.6679094173,-0.693883592,
3096484000,0.6461424822,-0.7147401049,
3102483000,0.6229434753,-0.7351772144,
3108482000,0.5987416522,-0.7543869536,
3114481000,0.5752327441,-0.7735070139,
3120480000,0.5495579702,-0.7921247548,
3126479000,0.5239978958,-0.808159297,
3132478000,0.4989565159,-0.8248526251,
3138477000,0.4727743918,-0.840579851,
3144476000,0.4460043762,-0.8548302839,
3150475000,0.4186251432,-0.868538571,
3156474000,0.3909478683,-0.8809560915,
3162473000,0.3625459212,-0.8937309738,
3168472000,0.3340466444,-0.9043735347,
3174471000,0.3035473068,-0.914377651,
3180470000,0.2730103842,-0.9239780069,
3186469000,0.2441168583,-0.9327020075,
3192468000,0.2136939699,-0.9405809083,
3198467000,0.1817311018,-0.9449954354,
3204466000,0.1514043527,-0.9513713723,
3210465000,0.1218440895,-0.954498554,
3216464000,0.09039498283,-0.9587750566,
3222463000,0.05897360778,-0.9608183747,
3228462000,0.02786465622,-0.9629148785,
3234461000,-0.002424284035,-0.9618830505,
3240460000,-0.03281631198,-0.9615111687,
3246459000,-0.06527453404,-0.9592348835,
3252458000,-0.09642066326,-0.9549763084,
3258457000,-0.1267824644,-0.9507772981,
3264456000,-0.158132855,-0.9479308372,
3270455000,-0.1900579681,-0.942353422,
3276454000,-0.2192527902,-0.9340418399,
3282453000,-0.2501391557,-0.9261858924,
3288452000,-0.2808330785,-0.9174307592,
3294451000,-0.3102237995,-0.906993909,
3300450000,-0.3391107018,-0.8978665894,
3306449000,-0.3700502601,-0.8845510421,
3312448000,-0.3980559996,-0.8713982195,
3318447000,-0.4236906092,-0.8575281226,
3324446000,-0.4546597861,-0.8436347257,
3330445000,-0.4796767941,-0.8267451999,
3336444000,-0.5101516617,-0.8098502684,
3342443000,-0.5335640753,-0.792285444,
3348442000,-0.5593094341,-0.7735890293,
3354441000,-0.5850969476,-0.7545526691,
3360440000,-0.6103878203,-0.7352735674,
3366439000,-0.6354915126,-0.7126654598,
3372438000,-0.6575408535,-0.6912750009,
3378437000,-0.680546561,-0.6690591983,
3384436000,-0.7019105445,-0.6456913649,
3390435000,-0.7223576926,-0.6233780756,
3396434000,-0.7429753256,-0.5980255012,
3402433000,-0.7628025454,-0.5725314193,
3408432000,-0.7812189579,-0.5479366698,
3414431000,-0.7985049896,-0.5206853999,
3420430000,-0.8159746594,-0.4947356377,
3426429000,-0.8315979597,-0.4673188691,
3432428000,-0.8472629082,-0.4396649414,
3438427000,-0.8606298388,-0.4110791235,
3444426000,-0.8738960738,-0.3823506403,
3450425000,-0.8864794198,-0.3530708011,
3456424000,-0.8972263149,-0.3235300275,
3462423000,-0.9077831933,-0.2942150257,
3468422000,-0.9168072794,-0.2633191824,
3474421000,-0.9252086269,-0.2327242927,
3480420000,-0.9321986815,-0.2023426541,
3486419000,-0.9384305718,-0.1714064124,
3492418000,-0.9435801259,-0.1402847106,
3498417000,-0.947300356,-0.1090695808,
3504416000,-0.9511528788,-0.07755360056,
3510415000,-0.952184771,-0.045413667,
3516414000,-0.9534207523,-0.01451287884,
3522413000,-0.9550462467,0.01639537023,
3528412000,-0.9533298914,0.04831035049,
3534411000,-0.9510770305,0.08024979351,
3540410000,-0.9464773156,0.110646328,
3546409000,-0.9431339802,0.1414018995,
3552408000,-0.9387089256,0.1721828795,
3558407000,-0.9321706266,0.202246756,
3564406000,-0.9246523392,0.2326002817,
3570405000,-0.9165496643,0.2635828755,
3576404000,-0.907841282,0.2929318722,
3582403000,-0.8975178916,0.3221370895,
3588402000,-0.8877692239,0.3512932508,
3594401000,-0.8768130017,0.3778795601,
3600400000,-0.8636224329,0.4064034698,
3606399000,-0.8473837967,0.4351858734,
3612398000,-0.8329378758,0.460004178,
3618397000,-0.8206348873,0.4878776311,
3624396000,-0.8026853821,0.5147323026,
3630395000,-0.7863189002,0.5391985534,
3636394000,-0.7691563129,0.5653816953,
3642393000,-0.7484933797,0.5888834445,
3648392000,-0.7303725552,0.6116536941,
3654391000,-0.7102209521,0.6347869094,
3660390000,-0.6893632784,0.6552755893,
3666389000,-0.6693733916,0.6775553501,
3672388000,-0.6451395784,0.6973091372,
3678387000,-0.6236231909,0.7174822788,
3684386000,-0.6010563963,0.738574918,
3690385000,-0.5770683845,0.7562751747,
3696384000,-0.5536483658,0.7742803528,
3702383000,-0.527586577,0.7907481085,
3708382000,-0.5034121542,0.8046277601,
3714381000,-0.475749756,0.8231651413,
3720380000,-0.4511190313,0.8352713331,
3726379000,-0.4227104096,0.8478766393,
3732378000,-0.3978669486,0.8631836073,
3738377000,-0.3691939299,0.8729305639,
3744376000,-0.3416517626,0.883923744,
3750375000,-0.313457652,0.895185811,
3756374000,-0.2840127249,0.9043415919,
3762373000,-0.2570904164,0.912070777,
3768372000,-0.2277888498,0.9210703206,
3774371000,-0.1980197723,0.9265978641,
3780370000,-0.1695055002,0.9316702651,
3786369000,-0.1410860371,0.936358461,
3792368000,-0.1089301964,0.9409565836,
3798367000,-0.08083464392,0.9458295135,
3804366000,-0.05053016354,0.9462600885,
3810365000,-0.0222111396,0.9470039934,
3816364000,0.009044100504,0.9476956652,
3822363000,0.03700644626,0.9455735356,
3828362000,0.0660563352,0.944953268,
3834361000,0.09584332739,0.941533103,
3840360000,0.1255967574,0.9368835382,
3846359000,0.1531052673,0.9338183602,
3852358000,0.1816339567,0.9273764084,
3858357000,0.2100400796,0.9218033465,
3864356000,0.2383822411,0.9152913006,
3870355000,0.2660301835,0.907705738,
3876354000,0.2951630822,0.8996682652,
3882353000,0.3216777261,0.8897506384,
3888352000,0.3498844454,0.8796424695,
3894351000,0.3756242697,0.8682255279,
3900350000,0.4020049058,0.8579352897,
3906349000,0.4287341899,0.845277149,
3912348000,0.4535718589,0.8308759486,
3918347000,0.4802900715,0.8170660358,
3924346000,0.5034827808,0.8021266671,
3930345000,0.5292692922,0.7864149754,
3936344000,0.5512180683,0.7701860101,
3942343000,0.5746813462,0.7518079625,
3948342000,0.5975639664,0.734613772,
3954341000,0.6209416654,0.7169989012,
3960340000,0.6399963988,0.6969572949,
3966339000,0.6637330205,0.6786587765,
3972338000,0.6833702235,0.657343891,
3978337000,0.702612521,0.6375579638,
3984336000,0.7220709246,0.6147050815,
3990335000,0.7401735762,0.5934569071,
3996334000,0.7591703843,0.570696959,
4002333000,0.7769253235,0.54782118,
4008332000,0.792405533,0.5241898232,
4014331000,0.8098406423,0.5001740692,
4020330000,0.8228004767,0.4772856908,
4026329000,0.8391610819,0.4506307957,
4032328000,0.8524142239,0.4267474479,
4038327000,0.864255123,0.3992474583,
4044326000,0.8766687692,0.3740316905,
4050325000,0.8883064343,0.3467140721,
4056324000,0.8989629457,0.320455704,
4062323000,0.9070544561,0.2929103234,
4068322000,0.9163552895,0.2649664032,
4074321000,0.9240335387,0.2389330491,
4080320000,0.9315332281,0.2095493957,
4086319000,0.9373849077,0.1817238326,
4092318000,0.9435561129,0.1538367577,
4098317000,0.9468304519,0.1242335004,
4104316000,0.9512148919,0.09503081234,
4110315000,0.9553715252,0.06733386473,
4116314000,0.9560722623,0.03989480939,
4122313000,0.9569596009,0.0114147709,
4128312000,0.9581314044,-0.01584547889,
4134311000,0.9572175134,-0.04686097158,
4140310000,0.9542924085,-0.075312525,
4146309000,0.9520156064,-0.1018598037,
4152308000,0.9490323615,-0.1317580105,
4158307000,0.9444300433,-0.160725571,
4164306000,0.9388268702,-0.1905723569,
4170305000,0.9331344431,-0.218981009,
4176304000,0.9259395396,-0.2488819468,
4182303000,0.9168364546,-0.2763654963,
4188302000,0.9075290829,-0.3050176299,
4194301000,0.8980316912,-0.3346798505,
4200300000,0.8857766434,-0.3605297907,
4206299000,0.8751392125,-0.390818534,
4212298000,0.8621858472,-0.4180856394,
4218297000,0.847092111,-0.4441919588,
4224296000,0.8339342678,-0.4708020531,
4230295000,0.8183988521,-0.4968966467,
4236294000,0.8019672801,-0.5241485184,
4242293000,0.7841360334,-0.5486830909,
4248292000,0.7653866324,-0.5731676968,
4254291000,0.7489031368,-0.5967968867,
4260290000,0.7297452176,-0.6190641235,
4266289000,0.709297033,-0.6440968041,
4272288000,0.6877530549,-0.6672357059,
4278287000,0.6657782809,-0.6878165123,
4284286000,0.6439636986,-0.7087645674,
4290285000,0.6199918529,-0.7294778653,
4296284000,0.5967870441,-0.7493666747,
4302283000,0.5721976798,-0.7689046623,
4308282000,0.546389763,-0.7873244304,
4314281000,0.5223420814,-0.8046081037,
4320280000,0.4945139557,-0.8218415799,
4326279000,0.4683718713,-0.8381368283,
4332278000,0.4409141842,-0.85304066,
4338277000,0.4131870295,-0.8675795992,
4344276000,0.3837400078,-0.8820183689,
4350275000,0.3571690023,-0.8928767475,
4356274000,0.3252859299,-0.903787012,
4362273000,0.2963443942,-0.9154602568,
4368272000,0.2639423012,-0.9267637612,
4374271000,0.2346292894,-0.9363805152,
4380270000,0.2043224432,-0.9419155859,
4386269000,0.1719137491,-0.949057413,
4392268000,0.1411929086,-0.9556349507,
4398267000,0.1090894879,-0.9615179918,
4404266000,0.07798989986,-0.9639041214,
4410265000,0.04746857807,-0.9670209106,
4416264000,0.01539072257,-0.9697957304,
4422263000,-0.0154582421,-0.9680999944,
4428262000,-0.04532938156,-0.9698861638,
4434261000,-0.08115798086,-0.9690991605,
4440260000,-0.1119169847,-0.9652299179,
4446259000,-0.1430751911,-0.9633390102,
4452258000,-0.1747415214,-0.9543192124,
4458257000,-0.2046407907,-0.9498295829,
4464256000,-0.2372953678,-0.9436554497,
4470255000,-0.2665976002,-0.9359844411,
4476254000,-0.2980076182,-0.9247720347,
4482253000,-0.3283832438,-0.9129066724,
4488252000,-0.3581603834,-0.9056359842,
4494251000,-0.3879730582,-0.8907753489,
4500250000,-0.4174895379,-0.8788346545,
4506249000,-0.4438398969,-0.8665278085,
4512248000,-0.4703893594,-0.8449101758,
4518247000,-0.4949400381,-0.832492961,
4524246000,-0.5244634417,-0.8142245832,
4530245000,-0.553259073,-0.7949714765,
4536244000,-0.5797168325,-0.7755819714,
4542243000,-0.6033034093,-0.7573602268,
4548242000,-0.6268639718,-0.7335748101,
4554241000,-0.649670661,-0.7134277227,
4560240000,-0.6754100296,-0.687070803,
4566239000,-0.6977502389,-0.6681071626,
4572238000,-0.721313726,-0.6420961219,
4578237000,-0.7383107814,-0.614309484,
4584236000,-0.7583837434,-0.5887992172,
4590235000,-0.7806876429,-0.5631315418,
4596234000,-0.7929704025,-0.5334570242,
4602233000,-0.8120057023,-0.5080384933,
4608232000,-0.8309350934,-0.479393514,
4614231000,-0.8410519613,-0.4484301859,
4620230000,-0.8586679734,-0.4166522092,
4626229000,-0.8708664256,-0.3910241893,
4632228000,-0.8819963927,-0.3565993691,
4638227000,-0.8956115271,-0.3290377975,
4644226000,-0.903609319,-0.2960316306,
4650225000,-0.9117007267,-0.2665108541,
4656224000,-0.9222379201,-0.2377047168,
4662223000,-0.9291626073,-0.2040034989,
4668222000,-0.9335103476,-0.173437631,
4674221000,-0.9398797443,-0.1407095599,
4680220000,-0.9451910556,-0.1127742843,
4686219000,-0.945300175,-0.07710335603,
4692218000,-0.9470611704,-0.04786827683,
4698217000,-0.9483648094,-0.01702162916,
4704216000,-0.9474872917,0.01571943236,
4710215000,-0.9449715966,0.0469688741,
4716214000,-0.9410964774,0.07849110223,
4722213000,-0.9355494713,0.1106290566,
4728212000,-0.9314323338,0.1413089802,
4734211000,-0.9258994767,0.1723193028,
4740210000,-0.9163988424,0.2041215639,
4746209000,-0.9075832251,0.2344835874,
4752208000,-0.8979174347,0.2645212211,
4758207000,-0.8876544615,0.2935182707,
4764206000,-0.8755811993,0.3230816993,
4770205000,-0.8629661131,0.3518922043,
4776204000,-0.8484274803,0.3800048445,
4782203000,-0.8346608344,0.4083410995,
4788202000,-0.8193543668,0.4347391454,
4794201000,-0.8035719174,0.4606520586,
4800200000,-0.7849992404,0.4881663876,
4806199000,-0.7675184975,0.5134466487,
4812198000,-0.7493708642,0.5381577006,
4818197000,-0.7296485047,0.5626610139,
4824196000,-0.7096285177,0.5857034235,
4830195000,-0.6877264969,0.6088661913,
4836194000,-0.66746223,0.6308137646,
4842193000,-0.6453105875,0.6522913091,
4848192000,-0.6227916477,0.6724372838,
4854191000,-0.5993958722,0.6916532118,
4860190000,-0.5763212663,0.71116495,
4866189000,-0.5529159962,0.7292052013,
4872188000,-0.5281274652,0.7460842009,
4878187000,-0.5045370728,0.7628971693,
4884186000,-0.4779233942,0.7784097265,
4890185000,-0.4509128981,0.7924410582,
4896184000,-0.4263917651,0.8075398418,
4902183000,-0.4007322618,0.8205216075,
4908182000,-0.3726312067,0.8337977625,
4914181000,-0.346351412,0.8458577531,
4920180000,-0.3210124375,0.8542470411,
4926179000,-0.2923956127,0.8640723663,
4932178000,-0.2644712383,0.8730024385,
4938177000,-0.2350576282,0.88239135,
4944176000,-0.2073609934,0.8886346985,
4950175000,-0.1792819698,0.8965268701,
4956174000,-0.1507138988,0.8999842312,
4962173000,-0.1247059575,0.904573044,
4968172000,-0.09675461805,0.9080688176,
4974171000,-0.06339669706,0.9124169804,
4980170000,-0.03635550126,0.9156123167,
4986169000,-0.008303696191,0.9156225779,
4992168000,0.01956876986,0.9153077258,
4998167000,0.04994323119,0.9137929875,
5004166000,0.07474963948,0.9115014477,
5010165000,0.1038541148,0.9110546169,
5016164000,0.1321353674,0.9071377307,
5022163000,0.1602304615,0.9041571864,
5028162000,0.1868985501,0.9002844779,
5034161000,0.2152378563,0.8925217321,
5040160000,0.2412643988,0.8880734685,
5046159000,0.2700396554,0.8774888806,
5052158000,0.2962909444,0.8694604868,
5058157000,0.3219630344,0.8609627073,
5064156000,0.3491215716,0.8495227328,
5070155000,0.3742424035,0.8381955238,
5076154000,0.398565131,0.8275424984,
5082153000,0.4241290059,0.8149327027,
5088152000,0.4505588566,0.8015231152,
5094151000,0.4764381452,0.7872899768,
5100150000,0.4994291135,0.7734616792,
5106149000,0.5235113893,0.7586503346,
5112148000,0.5474603523,0.7419992782,
5118147000,0.5703953175,0.7248270794,
5124146000,0.5936052125,0.7072118378,
5130145000,0.614462663,0.6890862902,
5136144000,0.6364067371,0.670717321,
5142143000,0.6564994403,0.6515589479,
5148142000,0.6773993202,0.6310738803,
5154141000,0.6966434959,0.6108036242,
5160140000,0.7160471118,0.5897881761,
5166139000,0.73354474,0.5677694323,
5172138000,0.7512100648,0.546053154,
5178137000,0.7674378104,0.522851214,
5184136000,0.7845081848,0.4985405904,
5190135000,0.8000861439,0.4767248294,
5196134000,0.8149924754,0.4530040841,
5202133000,0.8289236325,0.427568946,
5208132000,0.8421971683,0.4018454423,
5214131000,0.8548505459,0.3773654365,
5220130000,0.8663300783,0.3507852543,
5226129000,0.8787284669,0.324706169,
5232128000,0.8893741635,0.2982483164,
5238127000,0.8982121209,0.2706637847,
5244126000,0.9071563377,0.2448297067,
5250125000,0.9157635845,0.2174170247,
5256124000,0.9230319452,0.1886743174,
5262123000,0.9279163969,0.1597964565,
5268122000,0.9335430582,0.1309440926,
5274121000,0.9382475985,0.104396694,
5280120000,0.9445640296,0.07464596084,
5286119000,0.9452934186,0.04587653527,
5292118000,0.94964861,0.01714583202,
5298117000,0.9481333762,-0.01325832631,
5304116000,0.9486918691,-0.03961187196,
5310115000,0.948203469,-0.07042109761,
5316114000,0.9471666814,-0.09853112496,
5322113000,0.9448733602,-0.1276228584,
5328112000,0.9410818798,-0.1579471564,
5334111000,0.9376833756,-0.1843520429,
5340110000,0.9324507277,-0.2145783624,
5346109000,0.9270648895,-0.2430105431,
5352108000,0.9198354566,-0.2720866189,
5358107000,0.9118785285,-0.3008891976,
5364106000,0.9034254331,-0.3295972791,
5370105000,0.894298678,-0.357019597,
5376104000,0.8835942058,-0.3857368486,
5382103000,0.8725328701,-0.412938845,
5388102000,0.8602999075,-0.4401253279,
5394101000,0.8463978555,-0.4674594755,
5400100000,0.8331886716,-0.4946033296,
5406099000,0.8180381991,-0.5204317077,
5412098000,0.8020461008,-0.5462822892,
5418097000,0.7849392757,-0.5722595335,
5424096000,0.7675900524,-0.5974629056,
5430095000,0.7490707337,-0.622566068,
5436094000,0.729200176,-0.646603487,
5442093000,0.7092202207,-0.6688659328,
5448092000,0.6890324511,-0.6920998205,
5454091000,0.6671492893,-0.7158408921,
5460090000,0.644789133,-0.7364224956,
5466089000,0.619998007,-0.7566476661,
5472088000,0.5960084483,-0.7783769845,
5478087000,0.5722927762,-0.7963033186,
5484086000,0.5475990585,-0.8160072811,
5490085000,0.5212079273,-0.8352319716,
5496084000,0.4937105482,-0.8516338997,
5502083000,0.4672165789,-0.8662731032,
5508082000,0.4377491536,-0.8824589806,
5514081000,0.4118192205,-0.8977237086,
5520080000,0.3837170132,-0.9086441477,
5526079000,0.3510591588,-0.9206564569,
5532078000,0.321190767,-0.9326088325,
5538077000,0.2916152234,-0.9432353976,
5544076000,0.2600437133,-0.9517775377,
5550075000,0.2320985934,-0.9619172349,
5556074000,0.2007344691,-0.9685323343,
5562073000,0.1665996976,-0.9721767705,
5568072000,0.1358186818,-0.9794239292,
5574071000,0.09978609997,-0.9840757742,
5580070000,0.06522311575,-0.9866264538,
5586069000,0.03874960314,-0.9870406545,
5592068000,0.006521714533,-0.9882304961,
5598067000,-0.03210814726,-0.9870038315,
5604066000,-0.06358194511,-0.9859395104,
5610065000,-0.09255429725,-0.988463817,
5616064000,-0.1320958827,-0.9801152995,
5622063000,-0.1606015756,-0.973359674,
5628062000,-0.1952088922,-0.9684989011,
5634061000,-0.2271037937,-0.9601389702,
5640060000,-0.2577606201,-0.9510604472,
5646059000,-0.2896450342,-0.9451613358,
5652058000,-0.322933127,-0.9300047964,
5658057000,-0.3510402692,-0.9212517287,
5664056000,-0.3829163237,-0.9041849926,
5670055000,-0.4129010888,-0.8902379205,
5676054000,-0.4432283864,-0.877515376,
5682053000,-0.4729595552,-0.8589377941,
5688052000,-0.5007410033,-0.8435693538,
5694051000,-0.5249771763,-0.8220745705,
5700050000,-0.5505004429,-0.8079806822,
5706049000,-0.5780520582,-0.783280053,
5712048000,-0.6055898589,-0.7682857101,
5718047000,-0.628428358,-0.7405177483,
5724046000,-0.6542939943,-0.7200628496,
5730045000,-0.6775777431,-0.698917006,
5736044000,-0.7038161344,-0.676803547,
5742043000,-0.7198004301,-0.6478286494,
5748042000,-0.7460599363,-0.6220686221,
5754041000,-0.7625634009,-0.599795849,
5760040000,-0.7784281832,-0.5697217381,
5766039000,-0.7962121503,-0.5373271961,
5772038000,-0.8102429699,-0.515298258,
5778037000,-0.8310038279,-0.4848145348,
5784036000,-0.844775673,-0.455378166,
5790035000,-0.8594429224,-0.4277195446,
5796034000,-0.870451085,-0.3952118416,
5802033000,-0.8861301968,-0.358957022,
5808032000,-0.8945615529,-0.3342426583,
5814031000,-0.9021963381,-0.3033042843,
5820030000,-0.912491599,-0.2744026919,
5826029000,-0.9198019712,-0.2390793992,
5832028000,-0.9255389125,-0.2073624843,
5838027000,-0.9303136272,-0.1774375204,
5844026000,-0.9369690804,-0.1440804828,
5850025000,-0.9329597372,-0.1096213897,
5856024000,-0.939457234,-0.08153887804,
5862023000,-0.9387281306,-0.05206857001,
5868022000,-0.9379957672,-0.0179573035,
5874021000,-0.9363500652,0.01666541361,
5880020000,-0.9337734305,0.04532077131,
5886019000,-0.9309066885,0.07639078859,
5892018000,-0.9239221446,0.1075262606,
5898017000,-0.9212328082,0.1389834826,
5904016000,-0.9121947322,0.1685271251,
5910015000,-0.9071279032,0.1987485815,
5916014000,-0.8965771344,0.2283791319,
5922013000,-0.8866645679,0.2577726414,
5928012000,-0.8762698449,0.2868997298,
5934011000,-0.8652403898,0.314295463,
5940010000,-0.8531179182,0.3419588622,
5946009000,-0.8392414989,0.3677054845,
5952008000,-0.8261745284,0.3958714929,
5958007000,-0.8110112806,0.4220655181,
5964006000,-0.7953867171,0.448585591,
5970005000,-0.7797573669,0.4732204002,
5976004000,-0.7621653196,0.4982946416,
5982003000,-0.7444872531,0.5217800046,
5988002000,-0.7257949647,0.5448074136,
5994001000,-0.706966929,0.566601883,
6000000000,-0.6879299489,0.5886240464,
